,text,size
2126,surfer,0.4808094965426026
1960,silver,0.36825004793002797
885,galactus,0.18852549623587594
1346,marvel,0.16814436150767315
2452,world,0.16582832347037738
1531,one,0.16582832347037738
2308,universe,0.15378492567643937
1330,man,0.1514688876391436
644,earth,0.14174152788250133
1482,new,0.13247737573331825
457,cosmic,0.11024341057527881
776,fantastic,0.10700095732306474
856,four,0.1032952964633915
2192,thor,0.10283208885593234
386,collect,0.10190567364101404
1028,hero,0.09449435192166755
2062,star,0.08569340737994362
1611,pgs,0.08523019977248446
2185,thanos,0.08337736934264785
1798,return,0.08013491609043376
761,face,0.08013491609043376
1071,hulk,0.07967170848297461
2088,story,0.07920850087551545
942,great,0.07781887805313799
1025,herald,0.07226038676362813
1871,save,0.07179717915616898
2092,strange,0.07133397154870982
1731,rat,0.07040755633379152
397,come,0.07040755633379152
1451,must,0.07040755633379152
1656,power,0.0694811411188732
1377,men,0.06901793351141405
208,battle,0.06716510308157743
2036,spider,0.06484906504428166
188,back,0.0643858574368225
1628,planet,0.0634594422219042
2024,space,0.0634594422219042
179,avenger,0.0634594422219042
1327,make,0.06160661179206757
399,comic,0.06114340418460842
2393,war,0.06114340418460842
2161,team,0.057900950932394335
2061,stand,0.057900950932394335
2117,super,0.05604812050255772
725,even,0.055121705287639405
110,annual,0.05373208246526194
821,first,0.05373208246526194
2146,take,0.052805667250343635
1349,master,0.052805667250343635
1246,last,0.05234245964288448
964,guest,0.05141604442796617
2212,time,0.05095283682050702
1637,plus,0.04863679878321124
2060,stan,0.04817359117575209
814,find,0.047247175960833776
1254,lead,0.04678396835337462
1579,part,0.04678396835337462
842,force,0.04632076074591547
1276,life,0.04632076074591547
906,get,0.04585755313845631
1362,may,0.04585755313845631
1657,powerful,0.04539434553099716
1177,issue,0.044467930316078846
613,doctor,0.04354151510116054
683,end,0.04307830749370139
913,girl,0.04261509988624223
926,god,0.042151892278783076
1500,norrin,0.041225477063864764
2085,stop,0.041225477063864764
106,annihilation,0.04076226945640561
217,become,0.03937264663402815
347,change,0.03937264663402815
703,entire,0.03937264663402815
1481,never,0.038909439026568994
794,feature,0.038909439026568994
221,begin,0.03844623141910984
2406,way,0.03844623141910984
67,alien,0.03844623141910984
792,fear,0.03751981620419153
617,doom,0.03705660859673238
805,fight,0.03659340098927322
1663,prepare,0.03566698577435491
697,enough,0.03566698577435491
51,age,0.03520377816689576
768,fall,0.03520377816689576
1261,lee,0.03520377816689576
2011,son,0.0347405705594366
1126,infinity,0.0347405705594366
1232,know,0.033814155344518294
1289,loki,0.033350947737059135
727,ever,0.03288774012959998
1286,live,0.03288774012959998
1898,see,0.03242453252214083
886,galaxy,0.03242453252214083
242,big,0.03196132491468167
1005,heart,0.03149811730722252
1524,old,0.03149811730722252
445,continue,0.031034909699763365
2148,tale,0.03057170209230421
1398,mighty,0.030108494484845056
1190,join,0.030108494484845056
1716,radd,0.030108494484845056
153,asgard,0.030108494484845056
240,beyond,0.0296452868773859
2281,ultimate,0.0296452868773859
1895,secret,0.0296452868773859
2199,three,0.0296452868773859
573,destroyer,0.029182079269926744
527,death,0.02871887166246759
631,drax,0.02871887166246759
40,adventure,0.028255664055008435
349,chaos,0.028255664055008435
1415,miss,0.027792456447549282
708,epic,0.027792456447549282
1464,namor,0.027792456447549282
364,city,0.027792456447549282
524,deadpool,0.027792456447549282
521,day,0.027329248840090126
1369,meanwhile,0.027329248840090126
1056,hope,0.027329248840090126
542,defender,0.02686604123263097
2276,two,0.02686604123263097
1397,might,0.02686604123263097
2187,thing,0.026402833625171818
512,daredevil,0.026402833625171818
1313,mad,0.026402833625171818
1542,original,0.02593962601771266
1562,page,0.02593962601771266
147,artifact,0.02593962601771266
513,dark,0.02593962601771266
1294,look,0.02593962601771266
1178,jack,0.02593962601771266
462,could,0.02593962601771266
2053,squirrel,0.02593962601771266
2476,year,0.02593962601771266
1427,monster,0.02593962601771266
778,far,0.02547641841025351
1020,help,0.025013210802794353
2067,start,0.025013210802794353
522,dead,0.024550003195335197
731,everything,0.024550003195335197
811,final,0.024550003195335197
1224,kirby,0.024086795587876044
1326,major,0.024086795587876044
1303,love,0.024086795587876044
1279,like,0.024086795587876044
224,behind,0.024086795587876044
2460,wraith,0.024086795587876044
1977,skrull,0.024086795587876044
1832,rocket,0.023623587980416888
289,bring,0.023160380372957735
1520,odin,0.02269717276549858
813,finally,0.02269717276549858
2395,warlock,0.02269717276549858
784,fate,0.02269717276549858
1260,leave,0.02269717276549858
145,arrive,0.02269717276549858
1665,present,0.02269717276549858
1503,nova,0.02269717276549858
867,friend,0.02269717276549858
146,art,0.022233965158039423
786,father,0.022233965158039423
520,dawn,0.022233965158039423
89,amaze,0.022233965158039423
2122,supreme,0.022233965158039423
1955,sif,0.022233965158039423
2080,steve,0.022233965158039423
1408,mind,0.022233965158039423
108,annihilus,0.022233965158039423
646,eater,0.022233965158039423
270,book,0.022233965158039423
1473,need,0.02177075755058027
1627,plan,0.02177075755058027
1381,mephisto,0.02177075755058027
525,deal,0.021307549943121114
1953,side,0.021307549943121114
2223,together,0.020844342335661962
1297,lord,0.020844342335661962
1194,journey,0.020844342335661962
2271,turn,0.020844342335661962
2417,well,0.020844342335661962
687,enemy,0.020844342335661962
2197,threat,0.020844342335661962
1586,past,0.020844342335661962
1222,king,0.020381134728202806
316,captain,0.020381134728202806
1000,head,0.020381134728202806
1356,material,0.020381134728202806
1847,run,0.020381134728202806
332,catch,0.020381134728202806
585,devourer,0.020381134728202806
1914,sentinel,0.020381134728202806
1371,meet,0.020381134728202806
351,character,0.020381134728202806
66,alicia,0.020381134728202806
2362,villain,0.020381134728202806
595,dire,0.019917927120743653
979,hand,0.019454719513284497
1945,shock,0.019454719513284497
2327,upon,0.019454719513284497
1416,mission,0.01899151190582534
1374,member,0.01899151190582534
1709,quest,0.01899151190582534
81,also,0.01899151190582534
986,happen,0.01899151190582534
2098,strike,0.01899151190582534
2398,warrior,0.01899151190582534
34,action,0.01899151190582534
140,army,0.01852830429836619
2443,witness,0.01852830429836619
1049,home,0.01852830429836619
1870,savage,0.01852830429836619
164,atlantis,0.01852830429836619
308,cable,0.01852830429836619
908,giant,0.01852830429836619
1187,job,0.01852830429836619
2188,think,0.01852830429836619
1114,include,0.01852830429836619
1802,revelation,0.01852830429836619
2405,wave,0.01852830429836619
2392,want,0.01852830429836619
1927,set,0.01852830429836619
1299,lose,0.018065096690907032
849,former,0.01760188908344788
190,bad,0.01760188908344788
2446,wolverine,0.01760188908344788
2031,special,0.017138681475988723
835,foe,0.017138681475988723
111,another,0.017138681475988723
1823,rise,0.017138681475988723
1801,reveal,0.017138681475988723
1837,ronan,0.017138681475988723
425,confront,0.017138681475988723
2447,woman,0.017138681475988723
914,give,0.017138681475988723
2429,win,0.017138681475988723
1072,human,0.017138681475988723
2019,soul,0.017138681475988723
735,evolutionary,0.017138681475988723
2015,sorcerer,0.017138681475988723
962,guardian,0.017138681475988723
2168,tell,0.017138681475988723
149,artist,0.016675473868529567
1188,john,0.016675473868529567
916,gladiator,0.016675473868529567
1172,iron,0.016675473868529567
181,await,0.016675473868529567
560,denise,0.016675473868529567
303,buscema,0.016675473868529567
523,deadly,0.016675473868529567
729,every,0.016675473868529567
538,deep,0.016675473868529567
1943,shin,0.016675473868529567
1040,hit,0.016675473868529567
743,existence,0.016675473868529567
1238,kree,0.016675473868529567
2383,wait,0.016675473868529567
943,green,0.016675473868529567
2050,squad,0.016675473868529567
249,black,0.016212266261070415
471,cover,0.016212266261070415
1292,long,0.01574905865361126
168,attack,0.01574905865361126
1035,high,0.01574905865361126
2458,would,0.015285851046152104
32,across,0.015285851046152104
837,follow,0.015285851046152104
2205,thunder,0.015285851046152104
195,balance,0.015285851046152104
1116,incredible,0.015285851046152104
2128,surprise,0.015285851046152104
2306,unite,0.015285851046152104
144,arrival,0.01482264343869295
341,certain,0.01482264343869295
1452,mutant,0.01482264343869295
1900,seek,0.01482264343869295
310,call,0.01482264343869295
1920,series,0.01482264343869295
1974,skaar,0.01482264343869295
1941,shi,0.01482264343869295
1352,masterworks,0.01482264343869295
2375,vol,0.01482264343869295
109,anniversary,0.01482264343869295
574,destruction,0.01482264343869295
107,annihilator,0.01482264343869295
587,die,0.01482264343869295
2481,york,0.01482264343869295
1811,richards,0.01482264343869295
843,forever,0.01482264343869295
791,favorite,0.01482264343869295
774,fan,0.01482264343869295
2222,toe,0.01482264343869295
1578,parker,0.01482264343869295
899,gauntlet,0.014359435831233796
75,ally,0.014359435831233796
1713,raccoon,0.014359435831233796
125,appearance,0.013896228223774641
1462,name,0.013896228223774641
880,future,0.013896228223774641
1354,match,0.013896228223774641
1110,impossible,0.013433020616315485
1045,hold,0.013433020616315485
1704,put,0.013433020616315485
1990,small,0.013433020616315485
771,family,0.013433020616315485
2322,untold,0.01296981300885633
2310,unleash,0.01296981300885633
533,decide,0.01296981300885633
517,daughter,0.01296981300885633
2103,sub,0.01296981300885633
1707,quasar,0.01296981300885633
2469,wrong,0.01296981300885633
2468,writer,0.01296981300885633
2130,survive,0.01296981300885633
2242,tragedy,0.01296981300885633
609,dive,0.01296981300885633
1521,offer,0.01296981300885633
730,everyone,0.01296981300885633
370,classic,0.01296981300885633
2254,tree,0.01296981300885633
806,figure,0.01296981300885633
2484,zenn,0.01296981300885633
352,charge,0.01296981300885633
77,alone,0.01296981300885633
1617,picture,0.01296981300885633
2167,teen,0.01296981300885633
299,bullet,0.01296981300885633
1282,line,0.01296981300885633
229,ben,0.01296981300885633
121,apart,0.01296981300885633
1934,shake,0.01296981300885633
184,away,0.01296981300885633
1131,inhumans,0.01296981300885633
300,burn,0.01296981300885633
1857,sakaar,0.01296981300885633
1840,round,0.01296981300885633
1878,scene,0.01296981300885633
1378,menace,0.01296981300885633
2402,watch,0.01296981300885633
1229,knight,0.01296981300885633
1740,reality,0.012506605401397176
540,defeat,0.012506605401397176
1217,kill,0.012506605401397176
600,discover,0.012043397793938022
197,band,0.012043397793938022
1743,realm,0.011580190186478868
1756,reclaim,0.011580190186478868
276,brand,0.011580190186478868
1539,order,0.011580190186478868
1457,mystery,0.011580190186478868
194,bal,0.011580190186478868
2218,titan,0.011580190186478868
2082,still,0.011580190186478868
1935,shalla,0.011580190186478868
78,along,0.011580190186478868
1680,problem,0.011580190186478868
2467,write,0.011580190186478868
1714,race,0.011580190186478868
1534,open,0.011580190186478868
1456,mysterious,0.011580190186478868
858,fraction,0.011116982579019712
1526,olivier,0.011116982579019712
1247,late,0.011116982579019712
115,anticipate,0.011116982579019712
407,communion,0.011116982579019712
1211,key,0.011116982579019712
2027,spaceways,0.011116982579019712
1813,ride,0.011116982579019712
859,fracture,0.011116982579019712
1814,rider,0.011116982579019712
826,five,0.011116982579019712
2456,worth,0.011116982579019712
930,golden,0.011116982579019712
2441,within,0.011116982579019712
36,adam,0.011116982579019712
1317,magazine,0.011116982579019712
141,around,0.011116982579019712
1357,matt,0.011116982579019712
1368,mean,0.011116982579019712
1344,mariner,0.011116982579019712
1598,peek,0.011116982579019712
2157,target,0.011116982579019712
1764,red,0.011116982579019712
567,desperate,0.011116982579019712
1340,many,0.011116982579019712
664,ellie,0.011116982579019712
676,empire,0.011116982579019712
681,encounter,0.011116982579019712
2480,yet,0.011116982579019712
2404,water,0.011116982579019712
171,attention,0.011116982579019712
172,attract,0.011116982579019712
1766,reed,0.011116982579019712
2474,xavier,0.011116982579019712
726,event,0.011116982579019712
531,debut,0.011116982579019712
1782,reprint,0.011116982579019712
1173,isbn,0.011116982579019712
1689,protect,0.011116982579019712
1899,seed,0.011116982579019712
1440,motion,0.011116982579019712
1104,imperative,0.011116982579019712
356,child,0.011116982579019712
961,guard,0.011116982579019712
1036,highly,0.011116982579019712
385,coipel,0.011116982579019712
1995,sneak,0.011116982579019712
1039,history,0.011116982579019712
91,america,0.011116982579019712
2442,without,0.011116982579019712
945,greenwood,0.011116982579019712
1891,sea,0.011116982579019712
884,galactic,0.010653774971560557
2397,warn,0.010653774971560557
446,control,0.010653774971560557
478,create,0.010190567364101403
1942,shift,0.010190567364101403
702,enter,0.010190567364101403
1259,learn,0.010190567364101403
2376,volstagg,0.010190567364101403
2250,travel,0.010190567364101403
984,hang,0.009727359756642249
1734,ray,0.009727359756642249
243,bill,0.009727359756642249
1541,origin,0.009727359756642249
752,explore,0.009727359756642249
58,aid,0.009727359756642249
298,build,0.009727359756642249
381,close,0.009727359756642249
820,firelord,0.009727359756642249
514,darkness,0.009727359756642249
1311,machine,0.009727359756642249
1485,next,0.009727359756642249
847,form,0.009727359756642249
759,eye,0.009727359756642249
1587,path,0.009727359756642249
1948,show,0.009727359756642249
2002,soldier,0.009727359756642249
1424,moment,0.009727359756642249
578,determine,0.009727359756642249
1592,pay,0.009727359756642249
2260,trip,0.009727359756642249
1854,sacrifice,0.009727359756642249
2198,threaten,0.009727359756642249
1376,memory,0.009727359756642249
1082,hunt,0.009727359756642249
169,attempt,0.009727359756642249
280,break,0.009727359756642249
477,crazy,0.009264152149183094
2178,terrify,0.009264152149183094
212,beast,0.009264152149183094
211,bear,0.009264152149183094
1068,huat,0.009264152149183094
2486,zone,0.009264152149183094
154,asgardian,0.009264152149183094
1736,read,0.009264152149183094
41,advisory,0.009264152149183094
1576,parental,0.009264152149183094
1348,massive,0.009264152149183094
1970,sinister,0.009264152149183094
1610,peter,0.009264152149183094
2284,ultron,0.009264152149183094
1917,sequel,0.009264152149183094
2217,tippy,0.009264152149183094
2124,surf,0.009264152149183094
159,assault,0.009264152149183094
1738,ready,0.009264152149183094
95,ancient,0.009264152149183094
2112,suggest,0.009264152149183094
1105,imperial,0.009264152149183094
2311,unlikely,0.009264152149183094
312,cancerverse,0.009264152149183094
359,choose,0.009264152149183094
12,abduction,0.009264152149183094
1339,mantis,0.009264152149183094
1073,humanity,0.009264152149183094
2123,sure,0.009264152149183094
1164,invasion,0.009264152149183094
235,best,0.009264152149183094
1240,lady,0.009264152149183094
951,grimm,0.009264152149183094
1475,negative,0.009264152149183094
2058,stake,0.009264152149183094
1700,puppet,0.009264152149183094
1160,introduce,0.009264152149183094
1242,land,0.009264152149183094
469,course,0.009264152149183094
421,conclusion,0.009264152149183094
2044,spread,0.009264152149183094
2448,wonder,0.009264152149183094
812,finale,0.009264152149183094
246,birth,0.009264152149183094
2247,transport,0.009264152149183094
879,fury,0.009264152149183094
1833,rogers,0.009264152149183094
69,alike,0.009264152149183094
2056,stage,0.009264152149183094
1817,right,0.009264152149183094
1784,rescue,0.00880094454172394
84,alternate,0.00880094454172394
954,groot,0.00880094454172394
112,answer,0.00880094454172394
934,good,0.00880094454172394
658,elder,0.008337736934264784
366,claim,0.008337736934264784
479,creation,0.008337736934264784
1318,magic,0.008337736934264784
1274,lie,0.008337736934264784
1902,seem,0.00787452932680563
1014,hell,0.00787452932680563
2424,whole,0.00787452932680563
564,depth,0.00787452932680563
2265,true,0.00787452932680563
1856,saga,0.00787452932680563
876,full,0.00787452932680563
1629,plant,0.00787452932680563
572,destroy,0.00787452932680563
387,collection,0.00787452932680563
160,assemble,0.00787452932680563
1892,search,0.00787452932680563
623,dormammu,0.00787452932680563
796,feel,0.00787452932680563
226,believe,0.00787452932680563
2177,terrible,0.00787452932680563
2175,terrax,0.00787452932680563
1800,reunite,0.00787452932680563
346,chance,0.00787452932680563
2275,twist,0.00787452932680563
510,dangerous,0.00787452932680563
1947,short,0.007411321719346475
1843,rsquo,0.007411321719346475
1163,invader,0.007411321719346475
1057,horde,0.007411321719346475
960,guarantee,0.007411321719346475
594,dinosaur,0.007411321719346475
938,grand,0.007411321719346475
1925,serve,0.007411321719346475
2314,unmatched,0.007411321719346475
667,embark,0.007411321719346475
2026,spaceknights,0.007411321719346475
1465,nancy,0.007411321719346475
648,echh,0.007411321719346475
2269,try,0.007411321719346475
1750,reborn,0.007411321719346475
1207,keep,0.007411321719346475
1214,kid,0.007411321719346475
2007,solve,0.007411321719346475
334,celebrate,0.007411321719346475
340,century,0.007411321719346475
101,angry,0.007411321719346475
1930,seven,0.007411321719346475
622,doreen,0.007411321719346475
1342,mar,0.007411321719346475
161,astonish,0.007411321719346475
2074,steal,0.007411321719346475
1218,killer,0.007411321719346475
1150,intergalactic,0.007411321719346475
1308,luckily,0.007411321719346475
2221,today,0.007411321719346475
365,civilization,0.007411321719346475
2101,struggle,0.007411321719346475
974,hail,0.007411321719346475
1968,single,0.007411321719346475
757,extravaganza,0.007411321719346475
2089,straight,0.007411321719346475
983,handle,0.007411321719346475
550,delve,0.007411321719346475
2229,torch,0.007411321719346475
1973,size,0.007411321719346475
210,baxter,0.007411321719346475
993,hat,0.007411321719346475
2377,volume,0.007411321719346475
787,fault,0.007411321719346475
2295,underworld,0.007411321719346475
1409,mini,0.007411321719346475
1008,heaven,0.007411321719346475
368,clash,0.007411321719346475
734,evil,0.007411321719346475
732,everywhere,0.007411321719346475
1335,mankind,0.007411321719346475
2450,word,0.007411321719346475
2348,vengeance,0.007411321719346475
1571,panther,0.007411321719346475
1648,posse,0.007411321719346475
2209,tie,0.007411321719346475
709,epting,0.007411321719346475
1653,potential,0.007411321719346475
28,acclaim,0.007411321719346475
2048,spurrier,0.007411321719346475
1026,hercules,0.007411321719346475
31,acheron,0.007411321719346475
1431,moon,0.007411321719346475
2457,worthy,0.007411321719346475
33,act,0.007411321719346475
1249,latveria,0.007411321719346475
1742,really,0.007411321719346475
2084,stone,0.006948114111887321
1183,jean,0.006948114111887321
1614,phoenix,0.006948114111887321
1484,news,0.006484906504428165
1623,pit,0.006484906504428165
1447,much,0.006484906504428165
2426,wield,0.006484906504428165
393,combat,0.006484906504428165
721,eternity,0.006484906504428165
2064,starhawk,0.006484906504428165
1691,prove,0.006484906504428165
1718,rag,0.006021698896969011
1296,loose,0.006021698896969011
770,familiar,0.006021698896969011
2010,something,0.006021698896969011
1552,overcome,0.006021698896969011
236,beta,0.006021698896969011
2293,understand,0.006021698896969011
1651,possibly,0.006021698896969011
845,forget,0.006021698896969011
86,always,0.006021698896969011
1778,remain,0.006021698896969011
342,challenge,0.006021698896969011
29,accuser,0.006021698896969011
1618,piece,0.006021698896969011
1602,perfect,0.006021698896969011
1907,self,0.006021698896969011
1606,person,0.006021698896969011
1690,protector,0.005558491289509856
1724,rampage,0.005558491289509856
269,bonus,0.005558491289509856
1831,rock,0.005558491289509856
1791,responsible,0.005558491289509856
2119,superstar,0.005558491289509856
2220,title,0.005558491289509856
2436,wisdom,0.005558491289509856
1193,jonathan,0.005558491289509856
2219,titanic,0.005558491289509856
1428,monstrous,0.005558491289509856
1792,rest,0.005558491289509856
940,grapple,0.005558491289509856
824,fist,0.005558491289509856
79,alpha,0.005558491289509856
1445,mouth,0.005558491289509856
1695,psycho,0.005558491289509856
1698,punisher,0.005558491289509856
723,evacuate,0.005558491289509856
1446,move,0.005558491289509856
73,alliance,0.005558491289509856
302,bury,0.005558491289509856
76,almost,0.005558491289509856
902,gem,0.005558491289509856
2243,tragic,0.005558491289509856
2286,unbeatable,0.005558491289509856
1708,queen,0.005558491289509856
301,burst,0.005558491289509856
711,erskine,0.005558491289509856
1120,industry,0.005558491289509856
114,anti,0.005558491289509856
2344,vast,0.005558491289509856
742,exile,0.005558491289509856
1382,merc,0.005558491289509856
1147,intend,0.005558491289509856
911,giganormous,0.005558491289509856
1336,manner,0.005558491289509856
489,critically,0.005558491289509856
2081,stewart,0.005558491289509856
2409,wear,0.005558491289509856
1872,savior,0.005558491289509856
1364,mayhem,0.005558491289509856
2021,sound,0.005558491289509856
284,breathe,0.005558491289509856
1343,march,0.005558491289509856
2347,vell,0.005558491289509856
157,ask,0.005558491289509856
2414,weird,0.005558491289509856
2412,wed,0.005558491289509856
2350,venom,0.005558491289509856
1779,replace,0.005558491289509856
274,boy,0.005558491289509856
907,ghost,0.005558491289509856
2094,streak,0.005558491289509856
1889,script,0.005558491289509856
1309,lunella,0.005558491289509856
60,air,0.005558491289509856
503,cyclops,0.005558491289509856
1888,scrier,0.005558491289509856
2096,street,0.005558491289509856
2394,warbound,0.005558491289509856
1735,reach,0.005558491289509856
420,conclude,0.005558491289509856
2430,wing,0.005558491289509856
120,anywhere,0.005558491289509856
2009,someone,0.005558491289509856
501,cut,0.005558491289509856
1394,middle,0.005558491289509856
406,common,0.005558491289509856
272,boundary,0.005558491289509856
829,flight,0.005558491289509856
1830,robot,0.005558491289509856
1165,invent,0.005558491289509856
1271,level,0.005558491289509856
1570,pantheon,0.005558491289509856
2360,vile,0.005558491289509856
228,beloved,0.005558491289509856
2475,yancy,0.005558491289509856
1051,homeworld,0.005558491289509856
1556,oversized,0.005558491289509856
2321,unthinkable,0.005558491289509856
1839,ross,0.005558491289509856
643,early,0.005558491289509856
571,destiny,0.005558491289509856
1647,position,0.005558491289509856
1650,possible,0.005558491289509856
1265,lend,0.005558491289509856
569,destination,0.005558491289509856
59,aide,0.005558491289509856
2152,tan,0.005558491289509856
379,climax,0.005558491289509856
630,draw,0.005558491289509856
1634,plenty,0.005558491289509856
862,fray,0.005558491289509856
1625,pla,0.005558491289509856
2368,vision,0.005558491289509856
1223,kingdom,0.005558491289509856
2303,unimaginable,0.005558491289509856
1607,personal,0.005558491289509856
1825,rival,0.005558491289509856
1599,pencil,0.005558491289509856
358,choice,0.005558491289509856
244,billion,0.005558491289509856
2163,tear,0.005558491289509856
8,50th,0.005558491289509856
2299,unexpected,0.005558491289509856
353,charles,0.005558491289509856
439,consume,0.005558491289509856
1031,hickman,0.005558491289509856
14,able,0.005558491289509856
2307,universal,0.005558491289509856
324,case,0.005558491289509856
260,blow,0.005558491289509856
1199,jumbonox,0.005558491289509856
1919,serial,0.005558491289509856
2202,throne,0.005558491289509856
454,corp,0.005558491289509856
562,department,0.005558491289509856
1507,nut,0.005558491289509856
2387,walker,0.005558491289509856
557,demonic,0.005558491289509856
307,byrne,0.005558491289509856
1080,hunger,0.005558491289509856
306,buy,0.005558491289509856
1913,sentient,0.005558491289509856
1908,sell,0.005558491289509856
689,eng,0.005558491289509856
1100,imagine,0.005558491289509856
2057,stagger,0.005558491289509856
1512,oblivion,0.005558491289509856
2411,web,0.005558491289509856
891,game,0.005558491289509856
2466,wrest,0.005558491289509856
452,core,0.005558491289509856
319,cardstock,0.005558491289509856
2386,walk,0.005558491289509856
2465,wrench,0.005558491289509856
673,emotion,0.005558491289509856
321,career,0.005558491289509856
841,forbid,0.005558491289509856
1761,recover,0.0050952836820507014
1794,restore,0.0050952836820507014
396,combine,0.004632076074591547
245,bind,0.004632076074591547
1496,none,0.004632076074591547
1933,shadow,0.004632076074591547
975,half,0.004632076074591547
1601,people,0.004632076074591547
956,group,0.004632076074591547
345,champion,0.004632076074591547
947,grey,0.004632076074591547
1741,realize,0.004632076074591547
440,contain,0.004632076074591547
655,ego,0.004632076074591547
459,cosmos,0.004168868467132392
227,believer,0.004168868467132392
1169,involve,0.004168868467132392
793,feast,0.004168868467132392
898,gather,0.004168868467132392
2255,tremble,0.004168868467132392
263,body,0.004168868467132392
863,free,0.004168868467132392
203,baron,0.004168868467132392
2248,trap,0.004168868467132392
213,beat,0.004168868467132392
1803,revenge,0.004168868467132392
736,evolve,0.004168868467132392
1162,invade,0.004168868467132392
494,crush,0.004168868467132392
987,happy,0.004168868467132392
1066,however,0.004168868467132392
1636,plot,0.004168868467132392
2207,thwart,0.004168868467132392
1905,seize,0.004168868467132392
1387,message,0.004168868467132392
765,fail,0.004168868467132392
1594,peace,0.004168868467132392
586,diabolical,0.004168868467132392
1710,question,0.004168868467132392
779,fare,0.004168868467132392
1533,onslaught,0.004168868467132392
2079,stephen,0.004168868467132392
1669,priest,0.004168868467132392
1873,say,0.004168868467132392
677,employment,0.004168868467132392
133,arena,0.004168868467132392
1209,keith,0.0037056608596732375
1939,shatter,0.0037056608596732375
325,casino,0.0037056608596732375
2358,victim,0.0037056608596732375
1061,horse,0.0037056608596732375
1206,karnilla,0.0037056608596732375
1059,horrify,0.0037056608596732375
1060,horror,0.0037056608596732375
2319,unstoppable,0.0037056608596732375
1936,shape,0.0037056608596732375
335,celebration,0.0037056608596732375
1048,homage,0.0037056608596732375
1220,kind,0.0037056608596732375
1963,simple,0.0037056608596732375
1962,simon,0.0037056608596732375
2304,unique,0.0037056608596732375
354,charlie,0.0037056608596732375
1221,kindness,0.0037056608596732375
1030,heroism,0.0037056608596732375
1032,hide,0.0037056608596732375
2316,unravel,0.0037056608596732375
1041,hitter,0.0037056608596732375
253,blemish,0.0037056608596732375
2363,villainous,0.0037056608596732375
1834,role,0.0037056608596732375
258,blood,0.0037056608596732375
1838,root,0.0037056608596732375
2324,unwonderful,0.0037056608596732375
1922,serpent,0.0037056608596732375
1200,jungle,0.0037056608596732375
1879,scheme,0.0037056608596732375
1134,inkandesha,0.0037056608596732375
1883,scientist,0.0037056608596732375
1858,salem,0.0037056608596732375
1882,science,0.0037056608596732375
1881,school,0.0037056608596732375
1860,salvation,0.0037056608596732375
1862,san,0.0037056608596732375
291,brother,0.0037056608596732375
275,brace,0.0037056608596732375
1149,intent,0.0037056608596732375
1874,scale,0.0037056608596732375
1168,invisible,0.0037056608596732375
1868,satiate,0.0037056608596732375
1156,interstellar,0.0037056608596732375
2342,vanish,0.0037056608596732375
2355,via,0.0037056608596732375
1077,humble,0.0037056608596732375
2333,usher,0.0037056608596732375
1079,hundred,0.0037056608596732375
1924,serum,0.0037056608596732375
1159,intrigue,0.0037056608596732375
264,bodyguard,0.0037056608596732375
2332,use,0.0037056608596732375
266,bomb,0.0037056608596732375
1108,important,0.0037056608596732375
2341,vampire,0.0037056608596732375
1113,imprison,0.0037056608596732375
1118,individual,0.0037056608596732375
1119,individually,0.0037056608596732375
1121,infamous,0.0037056608596732375
1896,secure,0.0037056608596732375
267,bombastic,0.0037056608596732375
2181,test,0.0037056608596732375
183,award,0.0037056608596732375
1227,klaw,0.0037056608596732375
1686,promise,0.0037056608596732375
1664,presence,0.0037056608596732375
48,afternoon,0.0037056608596732375
1518,ocean,0.0037056608596732375
1517,occupy,0.0037056608596732375
1516,occult,0.0037056608596732375
1668,price,0.0037056608596732375
1679,probably,0.0037056608596732375
2463,wreak,0.0037056608596732375
2461,wrath,0.0037056608596732375
1499,norn,0.0037056608596732375
1682,profile,0.0037056608596732375
1495,non,0.0037056608596732375
1684,prologue,0.0037056608596732375
1491,nightmare,0.0037056608596732375
1489,nightcrawler,0.0037056608596732375
47,aftermath,0.0037056608596732375
2455,worship,0.0037056608596732375
2453,worldmind,0.0037056608596732375
1696,pull,0.0037056608596732375
1697,punch,0.0037056608596732375
1702,purpose,0.0037056608596732375
74,allred,0.0037056608596732375
1463,namesake,0.0037056608596732375
1703,push,0.0037056608596732375
82,altar,0.0037056608596732375
87,aman,0.0037056608596732375
1450,murder,0.0037056608596732375
1712,quo,0.0037056608596732375
1441,motivate,0.0037056608596732375
98,andy,0.0037056608596732375
1523,okay,0.0037056608596732375
46,african,0.0037056608596732375
1429,month,0.0037056608596732375
1633,please,0.0037056608596732375
2,200th,0.0037056608596732375
3,2015b,0.0037056608596732375
2485,zero,0.0037056608596732375
1603,perhaps,0.0037056608596732375
1597,peat,0.0037056608596732375
1596,peak,0.0037056608596732375
1591,paul,0.0037056608596732375
1626,place,0.0037056608596732375
1589,patrol,0.0037056608596732375
9,65th,0.0037056608596732375
11,abduct,0.0037056608596732375
16,aboard,0.0037056608596732375
2479,yes,0.0037056608596732375
2478,yer,0.0037056608596732375
21,absolutely,0.0037056608596732375
1529,omnibus,0.0037056608596732375
1638,point,0.0037056608596732375
1567,pale,0.0037056608596732375
1566,pal,0.0037056608596732375
1557,overwhelm,0.0037056608596732375
1555,overrun,0.0037056608596732375
1553,overdrive,0.0037056608596732375
1548,outlast,0.0037056608596732375
26,accept,0.0037056608596732375
27,accidentally,0.0037056608596732375
35,actually,0.0037056608596732375
1538,orange,0.0037056608596732375
37,add,0.0037056608596732375
1659,powerless,0.0037056608596732375
1530,omnipotent,0.0037056608596732375
1438,mother,0.0037056608596732375
1422,mole,0.0037056608596732375
2370,visitor,0.0037056608596732375
214,beautiful,0.0037056608596732375
1315,madman,0.0037056608596732375
186,awesome,0.0037056608596732375
2396,warlord,0.0037056608596732375
1312,macro,0.0037056608596732375
193,bailout,0.0037056608596732375
1304,lovely,0.0037056608596732375
196,bald,0.0037056608596732375
200,barbarian,0.0037056608596732375
205,batman,0.0037056608596732375
1287,loa,0.0037056608596732375
2388,wall,0.0037056608596732375
1284,literally,0.0037056608596732375
1283,lineup,0.0037056608596732375
209,battlefield,0.0037056608596732375
1278,light,0.0037056608596732375
185,awe,0.0037056608596732375
2384,wakanda,0.0037056608596732375
1270,letter,0.0037056608596732375
1266,length,0.0037056608596732375
2380,voyage,0.0037056608596732375
2378,volunteer,0.0037056608596732375
231,benjamin,0.0037056608596732375
232,berserk,0.0037056608596732375
1815,ridiculous,0.0037056608596732375
1251,launch,0.0037056608596732375
2373,voice,0.0037056608596732375
238,betrayal,0.0037056608596732375
1821,ripjak,0.0037056608596732375
1824,risk,0.0037056608596732375
1236,krakoa,0.0037056608596732375
1316,madness,0.0037056608596732375
1011,height,0.0037056608596732375
1722,raise,0.0037056608596732375
2422,whether,0.0037056608596732375
1414,misfit,0.0037056608596732375
1413,mischievous,0.0037056608596732375
1727,rank,0.0037056608596732375
1729,rare,0.0037056608596732375
113,ant,0.0037056608596732375
1732,ravage,0.0037056608596732375
1403,milestone,0.0037056608596732375
122,apocalypse,0.0037056608596732375
1396,midst,0.0037056608596732375
1737,reader,0.0037056608596732375
2428,wild,0.0037056608596732375
1391,microorganism,0.0037056608596732375
1383,mercenary,0.0037056608596732375
1380,menu,0.0037056608596732375
1747,reason,0.0037056608596732375
182,awaken,0.0037056608596732375
135,aristocrat,0.0037056608596732375
1749,rebirth,0.0037056608596732375
137,arm,0.0037056608596732375
1363,maybe,0.0037056608596732375
139,armageddon,0.0037056608596732375
1755,reckon,0.0037056608596732375
2415,weirdness,0.0037056608596732375
1350,masterpiece,0.0037056608596732375
155,asgardians,0.0037056608596732375
158,assassination,0.0037056608596732375
173,attuma,0.0037056608596732375
1331,manage,0.0037056608596732375
1776,relive,0.0037056608596732375
1777,reluctant,0.0037056608596732375
1012,hela,0.0037056608596732375
0,1940s,0.0037056608596732375
2065,starjammers,0.0037056608596732375
552,dematteis,0.0037056608596732375
428,connection,0.0037056608596732375
2227,ton,0.0037056608596732375
554,demise,0.0037056608596732375
688,energy,0.0037056608596732375
889,gamble,0.0037056608596732375
2033,spectacular,0.0037056608596732375
887,galore,0.0037056608596732375
431,conquest,0.0037056608596732375
692,enigmatic,0.0037056608596732375
882,gabriel,0.0037056608596732375
881,gabe,0.0037056608596732375
434,consequence,0.0037056608596732375
551,demand,0.0037056608596732375
894,gang,0.0037056608596732375
2037,spidey,0.0037056608596732375
2206,thunderbolt,0.0037056608596732375
2039,spin,0.0037056608596732375
2040,spirit,0.0037056608596732375
2041,spoiler,0.0037056608596732375
869,frighten,0.0037056608596732375
2042,spot,0.0037056608596732375
2043,spotlight,0.0037056608596732375
544,define,0.0037056608596732375
861,franklin,0.0037056608596732375
860,francisco,0.0037056608596732375
543,defense,0.0037056608596732375
893,gamora,0.0037056608596732375
555,demolisher,0.0037056608596732375
937,government,0.0037056608596732375
414,complete,0.0037056608596732375
2008,somehow,0.0037056608596732375
566,design,0.0037056608596732375
657,eisner,0.0037056608596732375
565,descend,0.0037056608596732375
932,goliath,0.0037056608596732375
661,elf,0.0037056608596732375
2143,tackle,0.0037056608596732375
925,goal,0.0037056608596732375
666,elude,0.0037056608596732375
922,globe,0.0037056608596732375
919,gleam,0.0037056608596732375
670,emerge,0.0037056608596732375
2138,swing,0.0037056608596732375
2028,span,0.0037056608596732375
415,completely,0.0037056608596732375
674,emotional,0.0037056608596732375
910,gift,0.0037056608596732375
909,giffen,0.0037056608596732375
2268,truth,0.0037056608596732375
905,genius,0.0037056608596732375
2267,trust,0.0037056608596732375
903,general,0.0037056608596732375
2133,swallow,0.0037056608596732375
2132,sustenance,0.0037056608596732375
426,confrontation,0.0037056608596732375
2264,trouble,0.0037056608596732375
707,eon,0.0037056608596732375
443,content,0.0037056608596732375
855,foundation,0.0037056608596732375
2100,strong,0.0037056608596732375
2215,tiny,0.0037056608596732375
798,fellow,0.0037056608596732375
511,dare,0.0037056608596732375
797,fella,0.0037056608596732375
475,crawl,0.0037056608596732375
737,exactly,0.0037056608596732375
508,dan,0.0037056608596732375
480,creative,0.0037056608596732375
2237,tower,0.0037056608596732375
482,creator,0.0037056608596732375
483,creature,0.0037056608596732375
2236,towards,0.0037056608596732375
2077,step,0.0037056608596732375
854,foul,0.0037056608596732375
745,exotic,0.0037056608596732375
782,fat,0.0037056608596732375
781,fast,0.0037056608596732375
487,crisis,0.0037056608596732375
488,critical,0.0037056608596732375
751,exploration,0.0037056608596732375
2225,tommy,0.0037056608596732375
769,fallout,0.0037056608596732375
753,explosive,0.0037056608596732375
764,faction,0.0037056608596732375
500,curse,0.0037056608596732375
2087,storm,0.0037056608596732375
2071,status,0.0037056608596732375
804,fiery,0.0037056608596732375
473,craft,0.0037056608596732375
1009,heavy,0.0037056608596732375
853,forward,0.0037056608596732375
541,defend,0.0037056608596732375
852,formula,0.0037056608596732375
2251,treachery,0.0037056608596732375
447,convert,0.0037056608596732375
714,especially,0.0037056608596732375
2114,summon,0.0037056608596732375
450,cope,0.0037056608596732375
451,copy,0.0037056608596732375
839,followup,0.0037056608596732375
834,focus,0.0037056608596732375
455,corrupt,0.0037056608596732375
832,flower,0.0037056608596732375
831,floor,0.0037056608596732375
2246,transform,0.0037056608596732375
825,fit,0.0037056608596732375
460,cost,0.0037056608596732375
2244,trail,0.0037056608596732375
464,counter,0.0037056608596732375
819,fire,0.0037056608596732375
466,country,0.0037056608596732375
815,fine,0.0037056608596732375
535,decision,0.0037056608596732375
467,couple,0.0037056608596732375
470,courtesy,0.0037056608596732375
404,commit,0.0037056608596732375
2129,survival,0.0037056608596732375
971,gutsville,0.0037056608596732375
583,devil,0.0037056608596732375
2000,sojourner,0.0037056608596732375
2172,tenth,0.0037056608596732375
389,color,0.0037056608596732375
390,colossal,0.0037056608596732375
618,door,0.0037056608596732375
372,clay,0.0037056608596732375
999,hawkeye,0.0037056608596732375
998,havoc,0.0037056608596732375
997,hauntingly,0.0037056608596732375
642,dynamo,0.0037056608596732375
610,divine,0.0037056608596732375
611,dna,0.0037056608596732375
2290,undead,0.0037056608596732375
376,clear,0.0037056608596732375
1976,skin,0.0037056608596732375
584,devour,0.0037056608596732375
575,destructive,0.0037056608596732375
1996,soar,0.0037056608596732375
628,drama,0.0037056608596732375
638,duo,0.0037056608596732375
952,grind,0.0037056608596732375
2159,tate,0.0037056608596732375
2153,tangle,0.0037056608596732375
1999,society,0.0037056608596732375
1980,sky,0.0037056608596732375
1991,smart,0.0037056608596732375
626,dracula,0.0037056608596732375
2006,solo,0.0037056608596732375
1989,slott,0.0037056608596732375
601,disease,0.0037056608596732375
2164,tease,0.0037056608596732375
1992,smash,0.0037056608596732375
1986,slick,0.0037056608596732375
363,citizen,0.0037056608596732375
2195,thousand,0.0037056608596732375
634,drive,0.0037056608596732375
1983,slave,0.0037056608596732375
981,handedly,0.0037056608596732375
1982,slaughter,0.0037056608596732375
650,edition,0.0037056608596732375
2294,undertake,0.0037056608596732375
378,client,0.0037056608596732375
591,dimension,0.0037056608596732375
963,guess,0.0037056608596732375
620,doppelganger,0.0037056608596732375
639,durok,0.0037056608596732375
632,dread,0.0032424532522140827
1739,real,0.0032424532522140827
1145,intelligence,0.0032424532522140827
2343,variant,0.0032424532522140827
2231,total,0.0032424532522140827
519,davis,0.0032424532522140827
1667,prevent,0.002779245644754928
1620,pip,0.002779245644754928
388,collector,0.002779245644754928
2099,strip,0.002779245644754928
713,escape,0.002779245644754928
1584,pas,0.002779245644754928
1978,skrulls,0.002779245644754928
491,crossover,0.002779245644754928
636,duel,0.002779245644754928
317,capture,0.002779245644754928
1944,ship,0.002779245644754928
1255,leader,0.0023160380372957735
1455,mutiny,0.0023160380372957735
498,cure,0.0023160380372957735
846,forgive,0.0023160380372957735
1577,park,0.0023160380372957735
2421,whereabouts,0.0023160380372957735
83,alter,0.0023160380372957735
580,devastation,0.0023160380372957735
1809,rhino,0.0023160380372957735
1395,midnight,0.0023160380372957735
1007,heat,0.0023160380372957735
705,entity,0.0023160380372957735
1965,sin,0.0023160380372957735
1070,huge,0.0023160380372957735
1262,legacy,0.0023160380372957735
1385,mere,0.0023160380372957735
2180,terror,0.0023160380372957735
1582,partner,0.0023160380372957735
2068,startle,0.0023160380372957735
1373,meltdown,0.0023160380372957735
1434,mordo,0.0023160380372957735
588,different,0.0023160380372957735
1432,moondragon,0.0023160380372957735
339,central,0.0023160380372957735
1946,shoot,0.0023160380372957735
2073,stay,0.0023160380372957735
374,clea,0.0023160380372957735
1444,mourn,0.0023160380372957735
818,finish,0.0023160380372957735
2435,wipe,0.0023160380372957735
2391,wanderer,0.0023160380372957735
1762,recruit,0.0023160380372957735
788,faustian,0.0023160380372957735
1971,sister,0.0023160380372957735
507,damage,0.0023160380372957735
1622,pirate,0.0023160380372957735
1795,resurrection,0.0023160380372957735
2235,toward,0.0023160380372957735
94,amnesia,0.0023160380372957735
1799,reunion,0.0023160380372957735
1407,million,0.0023160380372957735
2233,tough,0.0023160380372957735
1436,mortal,0.0023160380372957735
1130,inhabitant,0.0023160380372957735
2263,troll,0.0023160380372957735
1855,safe,0.0023160380372957735
1483,newly,0.0023160380372957735
923,glory,0.0023160380372957735
694,enlist,0.0023160380372957735
967,guilty,0.0023160380372957735
22,absorb,0.0023160380372957735
1560,pack,0.0023160380372957735
1994,snap,0.0023160380372957735
1532,ongoing,0.0023160380372957735
883,gain,0.0023160380372957735
1501,note,0.0023160380372957735
556,demon,0.0023160380372957735
2200,thrill,0.0023160380372957735
570,destine,0.0023160380372957735
1846,ruler,0.0023160380372957735
2367,virus,0.0023160380372957735
2139,swoop,0.0023160380372957735
1095,illusion,0.0023160380372957735
2369,visit,0.0023160380372957735
1233,knowledge,0.0023160380372957735
1675,prince,0.0023160380372957735
313,cap,0.0023160380372957735
1135,inner,0.0023160380372957735
1694,psyche,0.0023160380372957735
2285,umar,0.0023160380372957735
2137,swim,0.0018528304298366187
2216,tip,0.0018528304298366187
1726,rand,0.0018528304298366187
2433,winsome,0.0018528304298366187
2140,symbiote,0.0018528304298366187
2105,sublime,0.0018528304298366187
2141,system,0.0018528304298366187
2201,throat,0.0018528304298366187
2434,winter,0.0018528304298366187
2102,stun,0.0018528304298366187
1666,pressure,0.0018528304298366187
1719,rage,0.0018528304298366187
2156,tap,0.0018528304298366187
2171,tension,0.0018528304298366187
2464,wrecker,0.0018528304298366187
2473,xandarian,0.0018528304298366187
1725,rancor,0.0018528304298366187
1720,ragnarok,0.0018528304298366187
1645,populate,0.0018528304298366187
1721,ragtag,0.0018528304298366187
2483,youngster,0.0018528304298366187
1723,rally,0.0018528304298366187
2155,tantric,0.0018528304298366187
2190,thirty,0.0018528304298366187
2162,teammate,0.0018528304298366187
2173,tenure,0.0018528304298366187
2093,straw,0.0018528304298366187
2470,wundagore,0.0018528304298366187
2186,thin,0.0018528304298366187
2179,terrigen,0.0018528304298366187
2145,tag,0.0018528304298366187
2471,wwii,0.0018528304298366187
1654,pour,0.0018528304298366187
2091,strand,0.0018528304298366187
1728,rapid,0.0018528304298366187
1658,powerhouse,0.0018528304298366187
1655,poverty,0.0018528304298366187
2151,talk,0.0018528304298366187
2150,talented,0.0018528304298366187
2226,tomorrow,0.0018528304298366187
2149,talent,0.0018528304298366187
2431,wingfoot,0.0018528304298366187
1733,ravenous,0.0018528304298366187
2095,stream,0.0018528304298366187
2097,strength,0.0018528304298366187
2432,winner,0.0018528304298366187
1730,rarely,0.0018528304298366187
1619,pilot,0.0018528304298366187
2144,tactic,0.0018528304298366187
1661,premier,0.0018528304298366187
1662,premiere,0.0018528304298366187
2189,thinker,0.0018528304298366187
1652,post,0.0018528304298366187
1671,primary,0.0018528304298366187
1621,piracy,0.0018528304298366187
2224,token,0.0018528304298366187
2142,tabloid,0.0018528304298366187
2154,tank,0.0018528304298366187
2135,swashbuckling,0.0018528304298366187
1644,popular,0.0018528304298366187
2437,wisecrack,0.0018528304298366187
2472,wyatt,0.0018528304298366187
2482,young,0.0018528304298366187
2444,wmd,0.0018528304298366187
2211,till,0.0018528304298366187
2127,surgeon,0.0018528304298366187
2160,teach,0.0018528304298366187
2113,summer,0.0018528304298366187
2191,thomas,0.0018528304298366187
2445,wolfhound,0.0018528304298366187
1687,prophesy,0.0018528304298366187
1705,pym,0.0018528304298366187
1688,proportion,0.0018528304298366187
2459,wound,0.0018528304298366187
2115,sun,0.0018528304298366187
2116,sunshine,0.0018528304298366187
2165,technology,0.0018528304298366187
1673,primer,0.0018528304298366187
2125,surface,0.0018528304298366187
1630,plasma,0.0018528304298366187
1631,play,0.0018528304298366187
2204,throwdown,0.0018528304298366187
2193,though,0.0018528304298366187
1692,pryde,0.0018528304298366187
1701,purity,0.0018528304298366187
1699,puny,0.0018528304298366187
1693,psr,0.0018528304298366187
2118,supernatural,0.0018528304298366187
2477,yellowjacket,0.0018528304298366187
2449,wong,0.0018528304298366187
2208,thy,0.0018528304298366187
2120,supervillain,0.0018528304298366187
2166,teem,0.0018528304298366187
2203,throughout,0.0018528304298366187
1685,prominence,0.0018528304298366187
1639,policeman,0.0018528304298366187
1674,primordial,0.0018528304298366187
1717,radioactive,0.0018528304298366187
2134,swarm,0.0018528304298366187
1678,prize,0.0018528304298366187
2438,wish,0.0018528304298366187
1624,pitch,0.0018528304298366187
1632,player,0.0018528304298366187
1715,racism,0.0018528304298366187
2170,temptation,0.0018528304298366187
2106,succeed,0.0018528304298366187
1643,populace,0.0018528304298366187
2214,timothy,0.0018528304298366187
2439,wit,0.0018528304298366187
2169,temper,0.0018528304298366187
2213,timeline,0.0018528304298366187
2440,withhold,0.0018528304298366187
2462,wrathful,0.0018528304298366187
2107,succor,0.0018528304298366187
2108,suddenly,0.0018528304298366187
1642,pop,0.0018528304298366187
2131,suspense,0.0018528304298366187
1681,professor,0.0018528304298366187
2109,sue,0.0018528304298366187
1711,quiet,0.0018528304298366187
1641,poorly,0.0018528304298366187
1640,political,0.0018528304298366187
2110,sufer,0.0018528304298366187
2111,suffer,0.0018528304298366187
1683,profoundly,0.0018528304298366187
2210,tiger,0.0018528304298366187
1966,since,0.0018528304298366187
2427,wife,0.0018528304298366187
1897,security,0.0018528304298366187
2279,tyrak,0.0018528304298366187
1884,scope,0.0018528304298366187
1885,scott,0.0018528304298366187
1886,scour,0.0018528304298366187
1887,scout,0.0018528304298366187
1890,sculptor,0.0018528304298366187
2280,uber,0.0018528304298366187
1893,seat,0.0018528304298366187
2005,solid,0.0018528304298366187
1894,second,0.0018528304298366187
2283,ultra,0.0018528304298366187
2004,solicit,0.0018528304298366187
1880,schmidt,0.0018528304298366187
2003,solely,0.0018528304298366187
2001,solar,0.0018528304298366187
2339,val,0.0018528304298366187
2338,vacation,0.0018528304298366187
2337,utterly,0.0018528304298366187
2336,utopia,0.0018528304298366187
2287,unblock,0.0018528304298366187
2334,usually,0.0018528304298366187
1901,seeker,0.0018528304298366187
1998,socially,0.0018528304298366187
2183,text,0.0018528304298366187
2278,type,0.0018528304298366187
2012,soon,0.0018528304298366187
1997,social,0.0018528304298366187
2351,venus,0.0018528304298366187
1861,salvo,0.0018528304298366187
2353,version,0.0018528304298366187
1863,sanctus,0.0018528304298366187
1864,sandman,0.0018528304298366187
1865,satan,0.0018528304298366187
2352,versa,0.0018528304298366187
1866,satanic,0.0018528304298366187
1867,sate,0.0018528304298366187
2023,sourcebook,0.0018528304298366187
2270,turmoil,0.0018528304298366187
1869,satisfy,0.0018528304298366187
2272,tussle,0.0018528304298366187
2013,soothe,0.0018528304298366187
2018,sorry,0.0018528304298366187
2349,vengeful,0.0018528304298366187
2016,sorceress,0.0018528304298366187
2273,twelve,0.0018528304298366187
2014,soothsayer,0.0018528304298366187
1875,scam,0.0018528304298366187
1876,scan,0.0018528304298366187
1877,scarlet,0.0018528304298366187
2346,vazquez,0.0018528304298366187
2277,twosome,0.0018528304298366187
2345,vastly,0.0018528304298366187
1904,segovia,0.0018528304298366187
2288,uncanny,0.0018528304298366187
2354,versus,0.0018528304298366187
1954,siege,0.0018528304298366187
1979,skull,0.0018528304298366187
2318,unspeakable,0.0018528304298366187
2315,unmoved,0.0018528304298366187
2296,undisturbed,0.0018528304298366187
2313,unlock,0.0018528304298366187
1975,sketch,0.0018528304298366187
2312,unlimited,0.0018528304298366187
1949,showcased,0.0018528304298366187
2309,unknown,0.0018528304298366187
2298,unearth,0.0018528304298366187
1950,showcasing,0.0018528304298366187
1969,singularity,0.0018528304298366187
1938,shark,0.0018528304298366187
2305,unit,0.0018528304298366187
2300,unfamiliar,0.0018528304298366187
1956,sign,0.0018528304298366187
1957,signal,0.0018528304298366187
1958,significance,0.0018528304298366187
1959,silence,0.0018528304298366187
2301,unheralded,0.0018528304298366187
1967,sing,0.0018528304298366187
1961,simmer,0.0018528304298366187
1964,simply,0.0018528304298366187
2302,unholy,0.0018528304298366187
1940,sheldon,0.0018528304298366187
1981,slap,0.0018528304298366187
1906,select,0.0018528304298366187
2291,underdog,0.0018528304298366187
1909,seminal,0.0018528304298366187
1910,send,0.0018528304298366187
1911,sensational,0.0018528304298366187
1912,sense,0.0018528304298366187
1915,separate,0.0018528304298366187
1916,sepulveda,0.0018528304298366187
1918,sequence,0.0018528304298366187
1993,smoke,0.0018528304298366187
2331,urchin,0.0018528304298366187
1923,sersi,0.0018528304298366187
2330,upstream,0.0018528304298366187
1926,servitude,0.0018528304298366187
1985,slayer,0.0018528304298366187
2329,uprise,0.0018528304298366187
1928,settle,0.0018528304298366187
1929,seussian,0.0018528304298366187
2326,update,0.0018528304298366187
2325,upcoming,0.0018528304298366187
1988,sling,0.0018528304298366187
1931,several,0.0018528304298366187
2292,undersea,0.0018528304298366187
1932,sgt,0.0018528304298366187
1987,slightly,0.0018528304298366187
2323,unusual,0.0018528304298366187
1859,salinger,0.0018528304298366187
2025,spacefaring,0.0018528304298366187
2228,top,0.0018528304298366187
1780,report,0.0018528304298366187
2403,watcher,0.0018528304298366187
1767,refugee,0.0018528304298366187
1769,regard,0.0018528304298366187
1770,regular,0.0018528304298366187
2401,waste,0.0018528304298366187
1771,regurgitate,0.0018528304298366187
1773,relationship,0.0018528304298366187
2400,wasp,0.0018528304298366187
2399,wartorn,0.0018528304298366187
2072,stave,0.0018528304298366187
2069,stat,0.0018528304298366187
1781,reprehensible,0.0018528304298366187
2407,weaken,0.0018528304298366187
2239,tpb,0.0018528304298366187
1616,pick,0.0018528304298366187
2066,starr,0.0018528304298366187
2240,trace,0.0018528304298366187
1785,reserve,0.0018528304298366187
2241,trade,0.0018528304298366187
1786,resident,0.0018528304298366187
1787,resolve,0.0018528304298366187
1788,resort,0.0018528304298366187
2063,starforce,0.0018528304298366187
1789,respect,0.0018528304298366187
1765,redemption,0.0018528304298366187
2408,weapon,0.0018528304298366187
1793,restoration,0.0018528304298366187
2418,wendigo,0.0018528304298366187
2086,store,0.0018528304298366187
2425,whose,0.0018528304298366187
2230,toss,0.0018528304298366187
2423,whisk,0.0018528304298366187
1744,reanimate,0.0018528304298366187
2420,whatever,0.0018528304298366187
1745,reaper,0.0018528304298366187
1746,rearrange,0.0018528304298366187
2419,west,0.0018528304298366187
2083,stock,0.0018528304298366187
2232,touch,0.0018528304298366187
1748,reawaken,0.0018528304298366187
2238,town,0.0018528304298366187
1753,recently,0.0018528304298366187
1754,recession,0.0018528304298366187
2078,stepfather,0.0018528304298366187
2416,welcome,0.0018528304298366187
1757,recolored,0.0018528304298366187
2413,weight,0.0018528304298366187
1760,record,0.0018528304298366187
2076,stem,0.0018528304298366187
2075,stegron,0.0018528304298366187
2410,weave,0.0018528304298366187
1763,recuperate,0.0018528304298366187
1790,responsibility,0.0018528304298366187
2390,wander,0.0018528304298366187
2266,truly,0.0018528304298366187
2361,village,0.0018528304298366187
1828,rob,0.0018528304298366187
1829,robert,0.0018528304298366187
2038,spill,0.0018528304298366187
2256,triangle,0.0018528304298366187
2257,tribute,0.0018528304298366187
2035,sphinx,0.0018528304298366187
2365,virtually,0.0018528304298366187
2034,spellbind,0.0018528304298366187
2259,trigger,0.0018528304298366187
2364,violently,0.0018528304298366187
1835,romance,0.0018528304298366187
2261,triumph,0.0018528304298366187
1826,roadblock,0.0018528304298366187
2359,victory,0.0018528304298366187
1841,routine,0.0018528304298366187
1842,roy,0.0018528304298366187
2032,specifically,0.0018528304298366187
1844,ruin,0.0018528304298366187
1845,rule,0.0018528304298366187
1851,sabotage,0.0018528304298366187
1852,sack,0.0018528304298366187
2030,spawn,0.0018528304298366187
1853,sacred,0.0018528304298366187
2356,vice,0.0018528304298366187
1827,roar,0.0018528304298366187
2371,vital,0.0018528304298366187
1796,retailer,0.0018528304298366187
2051,squadron,0.0018528304298366187
2389,walter,0.0018528304298366187
2059,stalk,0.0018528304298366187
2055,stabilize,0.0018528304298366187
2054,stab,0.0018528304298366187
2052,squid,0.0018528304298366187
2382,wage,0.0018528304298366187
1804,revert,0.0018528304298366187
1805,revise,0.0018528304298366187
2249,traumatic,0.0018528304298366187
1806,revitalize,0.0018528304298366187
1808,rewrite,0.0018528304298366187
1810,richard,0.0018528304298366187
2372,vive,0.0018528304298366187
2379,voodoo,0.0018528304298366187
2049,spy,0.0018528304298366187
1812,rid,0.0018528304298366187
1816,rift,0.0018528304298366187
2252,treasure,0.0018528304298366187
2374,void,0.0018528304298366187
2253,treatment,0.0018528304298366187
1819,riotous,0.0018528304298366187
1820,rip,0.0018528304298366187
2045,spring,0.0018528304298366187
1822,ripple,0.0018528304298366187
1903,seemingly,0.0018528304298366187
1244,lanning,0.0018528304298366187
1615,physical,0.0018528304298366187
641,dynamic,0.0018528304298366187
660,elevator,0.0018528304298366187
659,electrify,0.0018528304298366187
656,egypt,0.0018528304298366187
654,effect,0.0018528304298366187
653,edward,0.0018528304298366187
651,editor,0.0018528304298366187
649,economic,0.0018528304298366187
647,ecch,0.0018528304298366187
645,earthbound,0.0018528304298366187
640,dust,0.0018528304298366187
724,evacuee,0.0018528304298366187
635,drown,0.0018528304298366187
633,dream,0.0018528304298366187
629,drastically,0.0018528304298366187
627,dragon,0.0018528304298366187
625,dozen,0.0018528304298366187
624,doubt,0.0018528304298366187
619,doozy,0.0018528304298366187
615,dollar,0.0018528304298366187
614,dog,0.0018528304298366187
663,elite,0.0018528304298366187
665,else,0.0018528304298366187
668,embody,0.0018528304298366187
669,embroil,0.0018528304298366187
720,eternals,0.0018528304298366187
719,eternal,0.0018528304298366187
717,essential,0.0018528304298366187
716,essay,0.0018528304298366187
712,escalate,0.0018528304298366187
710,era,0.0018528304298366187
701,ensure,0.0018528304298366187
699,enslave,0.0018528304298366187
696,enormously,0.0018528304298366187
695,enormous,0.0018528304298366187
693,enjoy,0.0018528304298366187
691,engine,0.0018528304298366187
686,endlessly,0.0018528304298366187
684,endanger,0.0018528304298366187
682,encourage,0.0018528304298366187
679,enchantress,0.0018528304298366187
678,enable,0.0018528304298366187
672,emma,0.0018528304298366187
671,emergency,0.0018528304298366187
608,ditko,0.0018528304298366187
605,disrupt,0.0018528304298366187
604,disposal,0.0018528304298366187
534,decimate,0.0018528304298366187
530,deathwatch,0.0018528304298366187
529,deathlok,0.0018528304298366187
528,deathbird,0.0018528304298366187
526,deapoolmania,0.0018528304298366187
518,daunt,0.0018528304298366187
516,date,0.0018528304298366187
515,darn,0.0018528304298366187
509,danger,0.0018528304298366187
506,daimon,0.0018528304298366187
502,cybernetic,0.0018528304298366187
499,current,0.0018528304298366187
497,cult,0.0018528304298366187
496,cuchulain,0.0018528304298366187
495,crystal,0.0018528304298366187
492,crucifixion,0.0018528304298366187
490,cross,0.0018528304298366187
486,crime,0.0018528304298366187
484,creel,0.0018528304298366187
481,creativity,0.0018528304298366187
532,decease,0.0018528304298366187
536,declare,0.0018528304298366187
602,disenchant,0.0018528304298366187
537,decoy,0.0018528304298366187
599,disciple,0.0018528304298366187
598,dis,0.0018528304298366187
597,dirty,0.0018528304298366187
596,directly,0.0018528304298366187
593,dino,0.0018528304298366187
589,difficult,0.0018528304298366187
582,device,0.0018528304298366187
581,developer,0.0018528304298366187
579,devastate,0.0018528304298366187
577,detective,0.0018528304298366187
576,detail,0.0018528304298366187
563,depend,0.0018528304298366187
558,demonically,0.0018528304298366187
553,demented,0.0018528304298366187
548,deliberate,0.0018528304298366187
547,deity,0.0018528304298366187
546,dei,0.0018528304298366187
545,defy,0.0018528304298366187
539,deeply,0.0018528304298366187
722,ethan,0.0018528304298366187
728,everett,0.0018528304298366187
474,crash,0.0018528304298366187
892,gamma,0.0018528304298366187
918,glass,0.0018528304298366187
917,glaer,0.0018528304298366187
915,gla,0.0018528304298366187
912,gil,0.0018528304298366187
904,genetic,0.0018528304298366187
901,gear,0.0018528304298366187
900,gaze,0.0018528304298366187
896,gargoyle,0.0018528304298366187
895,ganger,0.0018528304298366187
890,gambo,0.0018528304298366187
733,evident,0.0018528304298366187
888,gambit,0.0018528304298366187
878,furthest,0.0018528304298366187
877,furry,0.0018528304298366187
875,fugitive,0.0018528304298366187
873,fruit,0.0018528304298366187
872,frost,0.0018528304298366187
871,front,0.0018528304298366187
870,frightful,0.0018528304298366187
868,friendly,0.0018528304298366187
920,glimpse,0.0018528304298366187
921,global,0.0018528304298366187
924,glove,0.0018528304298366187
928,godsquad,0.0018528304298366187
969,guru,0.0018528304298366187
968,gun,0.0018528304298366187
965,guideline,0.0018528304298366187
959,grudgingly,0.0018528304298366187
958,growth,0.0018528304298366187
957,grow,0.0018528304298366187
955,gross,0.0018528304298366187
953,grip,0.0018528304298366187
950,grim,0.0018528304298366187
949,grifter,0.0018528304298366187
948,grieve,0.0018528304298366187
946,greg,0.0018528304298366187
944,greenwich,0.0018528304298366187
941,grave,0.0018528304298366187
939,grant,0.0018528304298366187
936,gouge,0.0018528304298366187
935,gorgon,0.0018528304298366187
933,gon,0.0018528304298366187
929,gold,0.0018528304298366187
866,fresh,0.0018528304298366187
857,fourteen,0.0018528304298366187
850,formerly,0.0018528304298366187
789,faves,0.0018528304298366187
783,fatal,0.0018528304298366187
780,farthest,0.0018528304298366187
775,fanfare,0.0018528304298366187
773,famous,0.0018528304298366187
772,famine,0.0018528304298366187
767,faithful,0.0018528304298366187
763,facet,0.0018528304298366187
762,facelessness,0.0018528304298366187
760,fabulous,0.0018528304298366187
758,extremely,0.0018528304298366187
756,extraordinary,0.0018528304298366187
754,express,0.0018528304298366187
750,exploit,0.0018528304298366187
749,experiment,0.0018528304298366187
747,expectancy,0.0018528304298366187
746,expect,0.0018528304298366187
744,exit,0.0018528304298366187
741,executioner,0.0018528304298366187
738,except,0.0018528304298366187
785,fateful,0.0018528304298366187
790,favor,0.0018528304298366187
848,formative,0.0018528304298366187
795,fee,0.0018528304298366187
1613,phil,0.0018528304298366187
840,foolkiller,0.0018528304298366187
838,follower,0.0018528304298366187
836,folk,0.0018528304298366187
833,fly,0.0018528304298366187
830,float,0.0018528304298366187
828,fleet,0.0018528304298366187
827,fix,0.0018528304298366187
823,fissure,0.0018528304298366187
822,fish,0.0018528304298366187
817,fingertip,0.0018528304298366187
810,film,0.0018528304298366187
809,fill,0.0018528304298366187
808,file,0.0018528304298366187
807,figurehead,0.0018528304298366187
803,fiendish,0.0018528304298366187
802,feud,0.0018528304298366187
801,fester,0.0018528304298366187
800,ferry,0.0018528304298366187
476,craziness,0.0018528304298366187
472,cow,0.0018528304298366187
973,hack,0.0018528304298366187
156,ash,0.0018528304298366187
178,available,0.0018528304298366187
177,autistic,0.0018528304298366187
176,authority,0.0018528304298366187
175,austin,0.0018528304298366187
167,atrocity,0.0018528304298366187
166,atomica,0.0018528304298366187
165,atom,0.0018528304298366187
163,asylum,0.0018528304298366187
162,astral,0.0018528304298366187
150,artwork,0.0018528304298366187
252,blastaar,0.0018528304298366187
148,artisanally,0.0018528304298366187
143,array,0.0018528304298366187
138,armada,0.0018528304298366187
136,ark,0.0018528304298366187
134,ariel,0.0018528304298366187
132,archival,0.0018528304298366187
131,architect,0.0018528304298366187
130,arc,0.0018528304298366187
129,arajo,0.0018528304298366187
180,avert,0.0018528304298366187
187,baby,0.0018528304298366187
189,backup,0.0018528304298366187
199,banner,0.0018528304298366187
250,blackheart,0.0018528304298366187
248,bizarre,0.0018528304298366187
247,bite,0.0018528304298366187
241,bicycle,0.0018528304298366187
237,betray,0.0018528304298366187
234,bessie,0.0018528304298366187
233,besides,0.0018528304298366187
230,bend,0.0018528304298366187
225,beleaguer,0.0018528304298366187
222,beginning,0.0018528304298366187
219,befall,0.0018528304298366187
218,beetle,0.0018528304298366187
216,beauty,0.0018528304298366187
215,beautifully,0.0018528304298366187
207,batter,0.0018528304298366187
206,battalion,0.0018528304298366187
204,barrier,0.0018528304298366187
202,bargain,0.0018528304298366187
201,barely,0.0018528304298366187
128,aradnea,0.0018528304298366187
127,aptly,0.0018528304298366187
126,april,0.0018528304298366187
53,agenda,0.0018528304298366187
44,afoul,0.0018528304298366187
43,afford,0.0018528304298366187
42,affection,0.0018528304298366187
39,advance,0.0018528304298366187
38,addition,0.0018528304298366187
30,ace,0.0018528304298366187
25,academy,0.0018528304298366187
24,absurd,0.0018528304298366187
23,abstract,0.0018528304298366187
19,abraham,0.0018528304298366187
18,abomination,0.0018528304298366187
17,abominable,0.0018528304298366187
15,abnett,0.0018528304298366187
13,abdul,0.0018528304298366187
10,abandon,0.0018528304298366187
7,31st,0.0018528304298366187
6,26th,0.0018528304298366187
5,25th,0.0018528304298366187
4,2017b,0.0018528304298366187
50,agatha,0.0018528304298366187
54,agnus,0.0018528304298366187
124,appear,0.0018528304298366187
57,aguila,0.0018528304298366187
123,apparent,0.0018528304298366187
119,anyway,0.0018528304298366187
118,anything,0.0018528304298366187
117,anyone,0.0018528304298366187
116,anxious,0.0018528304298366187
104,annihialtion,0.0018528304298366187
103,annals,0.0018528304298366187
100,angel,0.0018528304298366187
97,andr,0.0018528304298366187
96,andromeda,0.0018528304298366187
93,amidst,0.0018528304298366187
92,amid,0.0018528304298366187
90,ambition,0.0018528304298366187
88,amass,0.0018528304298366187
80,already,0.0018528304298366187
71,allegiance,0.0018528304298366187
65,alhazred,0.0018528304298366187
63,alex,0.0018528304298366187
62,alan,0.0018528304298366187
251,blast,0.0018528304298366187
255,blind,0.0018528304298366187
468,courage,0.0018528304298366187
391,comatose,0.0018528304298366187
405,commitment,0.0018528304298366187
403,commie,0.0018528304298366187
402,commando,0.0018528304298366187
401,command,0.0018528304298366187
400,comicdom,0.0018528304298366187
398,comeback,0.0018528304298366187
395,combination,0.0018528304298366187
394,combatant,0.0018528304298366187
392,comb,0.0018528304298366187
384,cod,0.0018528304298366187
259,bloom,0.0018528304298366187
383,coast,0.0018528304298366187
382,cloud,0.0018528304298366187
380,clobberin,0.0018528304298366187
377,cleave,0.0018528304298366187
375,clean,0.0018528304298366187
373,clayton,0.0018528304298366187
371,claw,0.0018528304298366187
369,class,0.0018528304298366187
367,claremont,0.0018528304298366187
408,communist,0.0018528304298366187
409,companion,0.0018528304298366187
412,compassion,0.0018528304298366187
417,comprehension,0.0018528304298366187
463,count,0.0018528304298366187
461,costume,0.0018528304298366187
458,cosmically,0.0018528304298366187
453,corner,0.0018528304298366187
449,cop,0.0018528304298366187
442,contend,0.0018528304298366187
438,consultation,0.0018528304298366187
437,construct,0.0018528304298366187
436,conspiracy,0.0018528304298366187
435,consider,0.0018528304298366187
433,conscious,0.0018528304298366187
430,conqueror,0.0018528304298366187
429,connive,0.0018528304298366187
427,congratulation,0.0018528304298366187
424,conflict,0.0018528304298366187
423,concrete,0.0018528304298366187
422,concordance,0.0018528304298366187
419,conceptual,0.0018528304298366187
418,concept,0.0018528304298366187
362,cigarette,0.0018528304298366187
361,chronicle,0.0018528304298366187
360,christmas,0.0018528304298366187
305,butt,0.0018528304298366187
296,bucky,0.0018528304298366187
295,bubonicus,0.0018528304298366187
294,brutal,0.0018528304298366187
293,bruce,0.0018528304298366187
292,brouhaha,0.0018528304298366187
288,brilliant,0.0018528304298366187
287,bright,0.0018528304298366187
286,bridge,0.0018528304298366187
285,brew,0.0018528304298366187
283,breath,0.0018528304298366187
282,breakout,0.0018528304298366187
281,breaker,0.0018528304298366187
279,breadth,0.0018528304298366187
277,brave,0.0018528304298366187
273,boundless,0.0018528304298366187
271,bookend,0.0018528304298366187
265,bolt,0.0018528304298366187
262,boast,0.0018528304298366187
261,blue,0.0018528304298366187
304,business,0.0018528304298366187
309,calamity,0.0018528304298366187
355,cherish,0.0018528304298366187
311,cancellation,0.0018528304298366187
350,chapter,0.0018528304298366187
344,chamber,0.0018528304298366187
343,challenger,0.0018528304298366187
338,centerville,0.0018528304298366187
337,celestials,0.0018528304298366187
336,celestial,0.0018528304298366187
333,cause,0.0018528304298366187
331,catastrophic,0.0018528304298366187
330,cataclysmic,0.0018528304298366187
329,cataclysm,0.0018528304298366187
328,cat,0.0018528304298366187
327,castle,0.0018528304298366187
326,cast,0.0018528304298366187
323,carry,0.0018528304298366187
322,carefully,0.0018528304298366187
320,care,0.0018528304298366187
318,card,0.0018528304298366187
315,capistan,0.0018528304298366187
314,capable,0.0018528304298366187
970,gut,0.0018528304298366187
844,forge,0.0018528304298366187
976,halt,0.0018528304298366187
1307,luck,0.0018528304298366187
1328,malevolent,0.0018528304298366187
1324,mainframe,0.0018528304298366187
1323,maguire,0.0018528304298366187
1322,magnify,0.0018528304298366187
1321,magneto,0.0018528304298366187
1319,magical,0.0018528304298366187
1314,madcap,0.0018528304298366187
1310,lurk,0.0018528304298366187
1306,low,0.0018528304298366187
1332,maneuver,0.0018528304298366187
1302,lot,0.0018528304298366187
1301,loss,0.0018528304298366187
1298,lorelei,0.0018528304298366187
1295,loom,0.0018528304298366187
1293,longforgotten,0.0018528304298366187
1291,lonely,0.0018528304298366187
1290,lone,0.0018528304298366187
1288,logan,0.0018528304298366187
1329,malignant,0.0018528304298366187
1333,mangog,0.0018528304298366187
1390,microcosmic,0.0018528304298366187
1361,maximum,0.0018528304298366187
1388,messiah,0.0018528304298366187
1386,merry,0.0018528304298366187
1375,membership,0.0018528304298366187
1372,melt,0.0018528304298366187
1370,measure,0.0018528304298366187
1367,meal,0.0018528304298366187
1366,mdcu,0.0018528304298366187
1365,maze,0.0018528304298366187
1360,maxi,0.0018528304298366187
1334,manipulate,0.0018528304298366187
1358,matter,0.0018528304298366187
1353,mastery,0.0018528304298366187
1351,masterstroke,0.0018528304298366187
1347,mass,0.0018528304298366187
1345,marshal,0.0018528304298366187
1341,map,0.0018528304298366187
1338,manslaughter,0.0018528304298366187
1337,mansion,0.0018528304298366187
1285,little,0.0018528304298366187
1281,limitless,0.0018528304298366187
1280,lima,0.0018528304298366187
1205,karnak,0.0018528304298366187
1226,kitty,0.0018528304298366187
1225,kiss,0.0018528304298366187
1219,kilometer,0.0018528304298366187
1216,kilgore,0.0018528304298366187
1215,kidnap,0.0018528304298366187
1213,kick,0.0018528304298366187
1212,kibosh,0.0018528304298366187
1210,kevin,0.0018528304298366187
1204,kane,0.0018528304298366187
1277,lifeform,0.0018528304298366187
1203,kaiju,0.0018528304298366187
1202,juxtapose,0.0018528304298366187
1201,justice,0.0018528304298366187
1197,judgment,0.0018528304298366187
1196,judge,0.0018528304298366187
1195,juda,0.0018528304298366187
1192,jolly,0.0018528304298366187
1191,joke,0.0018528304298366187
1228,knee,0.0018528304298366187
1230,knock,0.0018528304298366187
1231,knockout,0.0018528304298366187
1234,kolins,0.0018528304298366187
1273,lid,0.0018528304298366187
1272,library,0.0018528304298366187
1269,lethal,0.0018528304298366187
1268,let,0.0018528304298366187
1267,leon,0.0018528304298366187
1264,legged,0.0018528304298366187
1263,legendary,0.0018528304298366187
1258,leap,0.0018528304298366187
1257,league,0.0018528304298366187
1253,lay,0.0018528304298366187
1250,laufeyson,0.0018528304298366187
1248,lateveria,0.0018528304298366187
1,2000ad,0.0018528304298366187
1243,language,0.0018528304298366187
1241,lafayette,0.0018528304298366187
1239,krueger,0.0018528304298366187
1237,kraven,0.0018528304298366187
1389,method,0.0018528304298366187
1392,microversal,0.0018528304298366187
1186,jms,0.0018528304298366187
1522,official,0.0018528304298366187
1546,oust,0.0018528304298366187
1545,otherwise,0.0018528304298366187
1544,others,0.0018528304298366187
1543,orphan,0.0018528304298366187
1540,organ,0.0018528304298366187
1536,opposition,0.0018528304298366187
1535,oppose,0.0018528304298366187
1525,olivetti,0.0018528304298366187
1519,oddity,0.0018528304298366187
1550,outnumber,0.0018528304298366187
1515,obviously,0.0018528304298366187
1514,obstacle,0.0018528304298366187
1510,obliterate,0.0018528304298366187
1509,object,0.0018528304298366187
1508,nypd,0.0018528304298366187
1506,number,0.0018528304298366187
1502,nothing,0.0018528304298366187
1498,normal,0.0018528304298366187
1547,outgunned,0.0018528304298366187
1551,outright,0.0018528304298366187
1393,microverse,0.0018528304298366187
1583,party,0.0018528304298366187
1612,phase,0.0018528304298366187
1605,perish,0.0018528304298366187
1604,peril,0.0018528304298366187
1600,penultimate,0.0018528304298366187
1593,payday,0.0018528304298366187
1590,patsy,0.0018528304298366187
1588,patience,0.0018528304298366187
1585,pasqual,0.0018528304298366187
1581,particularly,0.0018528304298366187
1561,package,0.0018528304298366187
1580,particular,0.0018528304298366187
1575,paramour,0.0018528304298366187
1573,parable,0.0018528304298366187
1572,paper,0.0018528304298366187
1569,panel,0.0018528304298366187
1565,pak,0.0018528304298366187
1564,paint,0.0018528304298366187
1563,painstaking,0.0018528304298366187
1497,norin,0.0018528304298366187
1494,nobly,0.0018528304298366187
1493,ninja,0.0018528304298366187
1417,mistake,0.0018528304298366187
1442,motto,0.0018528304298366187
1439,motif,0.0018528304298366187
1433,morale,0.0018528304298366187
1430,monumental,0.0018528304298366187
1423,molecule,0.0018528304298366187
1421,model,0.0018528304298366187
1420,mix,0.0018528304298366187
1419,misty,0.0018528304298366187
1412,miraculous,0.0018528304298366187
1492,nighttime,0.0018528304298366187
1410,miniature,0.0018528304298366187
1406,millie,0.0018528304298366187
1405,millennium,0.0018528304298366187
1404,military,0.0018528304298366187
1402,mile,0.0018528304298366187
1401,mike,0.0018528304298366187
1400,mikaboshi,0.0018528304298366187
1399,miguel,0.0018528304298366187
1443,mountain,0.0018528304298366187
1448,mudball,0.0018528304298366187
1449,multitude,0.0018528304298366187
1453,mutantkind,0.0018528304298366187
1490,nighthawk,0.0018528304298366187
1488,night,0.0018528304298366187
1487,nigh,0.0018528304298366187
1486,nick,0.0018528304298366187
1480,nerkkod,0.0018528304298366187
1479,nereid,0.0018528304298366187
1477,nemo,0.0018528304298366187
1476,neither,0.0018528304298366187
1474,negate,0.0018528304298366187
1471,necessity,0.0018528304298366187
1470,necessary,0.0018528304298366187
1468,near,0.0018528304298366187
1467,nation,0.0018528304298366187
1466,narrate,0.0018528304298366187
1461,mythos,0.0018528304298366187
1460,mythic,0.0018528304298366187
1454,mutate,0.0018528304298366187
1189,johnny,0.0018528304298366187
1275,lieutenant,0.0018528304298366187
1185,jim,0.0018528304298366187
1092,identity,0.0018528304298366187
1089,iconoclast,0.0018528304298366187
1088,icon,0.0018528304298366187
1087,iceman,0.0018528304298366187
1184,jenkins,0.0018528304298366187
1086,hyperbole,0.0018528304298366187
1084,husk,0.0018528304298366187
1083,hunter,0.0018528304298366187
1081,hungry,0.0018528304298366187
1078,humor,0.0018528304298366187
1076,humanoid,0.0018528304298366187
1074,humankind,0.0018528304298366187
1069,hue,0.0018528304298366187
1067,howl,0.0018528304298366187
1065,house,0.0018528304298366187
1064,hot,0.0018528304298366187
1063,hostile,0.0018528304298366187
1062,hospital,0.0018528304298366187
1090,idea,0.0018528304298366187
1093,idle,0.0018528304298366187
1136,innocent,0.0018528304298366187
1094,ignition,0.0018528304298366187
1132,injustice,0.0018528304298366187
1129,inhabit,0.0018528304298366187
1128,information,0.0018528304298366187
1127,inflict,0.0018528304298366187
1125,infinite,0.0018528304298366187
1123,inferno,0.0018528304298366187
1117,indiana,0.0018528304298366187
1115,incomparable,0.0018528304298366187
1109,importantly,0.0018528304298366187
1107,implicitly,0.0018528304298366187
1106,implacable,0.0018528304298366187
1103,immortus,0.0018528304298366187
1102,immortal,0.0018528304298366187
1099,imaginauts,0.0018528304298366187
1098,imagination,0.0018528304298366187
1097,image,0.0018528304298366187
1096,illustrate,0.0018528304298366187
1058,horrible,0.0018528304298366187
1055,hop,0.0018528304298366187
1054,hook,0.0018528304298366187
1053,hoof,0.0018528304298366187
1010,heavyweight,0.0018528304298366187
1006,heartbreak,0.0018528304298366187
1004,hear,0.0018528304298366187
1003,heap,0.0018528304298366187
1001,heal,0.0018528304298366187
996,haunt,0.0018528304298366187
995,hatred,0.0018528304298366187
994,hatch,0.0018528304298366187
992,harsh,0.0018528304298366187
991,harness,0.0018528304298366187
989,harkness,0.0018528304298366187
988,harbinger,0.0018528304298366187
985,hank,0.0018528304298366187
982,handful,0.0018528304298366187
980,handbook,0.0018528304298366187
978,hamster,0.0018528304298366187
977,hammer,0.0018528304298366187
1013,helicarrier,0.0018528304298366187
1015,hellcat,0.0018528304298366187
1017,hellstorm,0.0018528304298366187
1034,hideously,0.0018528304298366187
1052,honor,0.0018528304298366187
1047,holographic,0.0018528304298366187
1046,holiday,0.0018528304298366187
1044,hog,0.0018528304298366187
1043,hobgoblin,0.0018528304298366187
1038,hire,0.0018528304298366187
1037,hint,0.0018528304298366187
1033,hideous,0.0018528304298366187
1018,hellstrom,0.0018528304298366187
1029,heroic,0.0018528304298366187
1027,heritage,0.0018528304298366187
1024,henry,0.0018528304298366187
1023,henrietta,0.0018528304298366187
1022,hence,0.0018528304298366187
1021,helpless,0.0018528304298366187
1019,helmet,0.0018528304298366187
1133,ink,0.0018528304298366187
2488,zoom,0.0018528304298366187
1179,jade,0.0018528304298366187
1174,ish,0.0018528304298366187
1180,jake,0.0018528304298366187
1176,isle,0.0018528304298366187
1148,intense,0.0018528304298366187
1175,island,0.0018528304298366187
1151,interlock,0.0018528304298366187
1152,interloper,0.0018528304298366187
1153,international,0.0018528304298366187
1139,inside,0.0018528304298366187
1154,interpersonal,0.0018528304298366187
1155,interplanetary,0.0018528304298366187
1157,intervene,0.0018528304298366187
1158,intimate,0.0018528304298366187
1161,introspective,0.0018528304298366187
1171,irish,0.0018528304298366187
1141,institute,0.0018528304298366187
1166,inventive,0.0018528304298366187
1182,japan,0.0018528304298366187
1137,inquiry,0.0018528304298366187
297,buddy,0.001389622822377464
972,guy,0.001389622822377464
1320,magicks,0.001389622822377464
55,agree,0.001389622822377464
151,ascend,0.001389622822377464
2289,uncover,0.001389622822377464
1478,nenora,0.001389622822377464
1649,possession,0.001389622822377464
2262,triumphant,0.001389622822377464
700,enslavers,0.0009264152149183094
1676,princess,0.0009264152149183094
549,deliver,0.0009264152149183094
1511,obliterator,0.0009264152149183094
1646,portal,0.0009264152149183094
927,goddess,0.0009264152149183094
102,animal,0.0009264152149183094
441,contemplator,0.0009264152149183094
1418,mistress,0.0009264152149183094
1138,insane,0.0009264152149183094
1256,leadership,0.0009264152149183094
1818,rightfully,0.0009264152149183094
1952,shrine,0.0009264152149183094
2297,undying,0.0009264152149183094
990,harm,0.0009264152149183094
2385,wake,0.0009264152149183094
864,freedom,0.0009264152149183094
607,distress,0.0009264152149183094
1469,nebula,0.0009264152149183094
612,doc,0.0009264152149183094
1783,reptyl,0.0009264152149183094
2174,term,0.0009264152149183094
1111,imposter,0.0009264152149183094
142,arpool,0.0004632076074591547
1984,slay,0.0004632076074591547
1672,prime,0.0004632076074591547
2196,thrall,0.0004632076074591547
966,guilt,0.0004632076074591547
592,dimensional,0.0004632076074591547
1167,invigorate,0.0004632076074591547
1670,priestess,0.0004632076074591547
152,ascension,0.0004632076074591547
590,digital,0.0004632076074591547
897,garnok,0.0004632076074591547
568,despicable,0.0004632076074591547
2147,takedown,0.0004632076074591547
1042,hive,0.0004632076074591547
191,badoon,0.0004632076074591547
637,duke,0.0004632076074591547
1951,showdown,0.0004632076074591547
1170,involvement,0.0004632076074591547
2487,zoo,0.0004632076074591547
192,badoons,0.0004632076074591547
2029,spark,0.0004632076074591547
198,banish,0.0004632076074591547
2194,thought,0.0004632076074591547
1208,keeper,0.0004632076074591547
174,audience,0.0004632076074591547
1677,priority,0.0004632076074591547
1609,pest,0.0004632076074591547
170,attend,0.0004632076074591547
1836,romantic,0.0004632076074591547
1504,nowhere,0.0004632076074591547
1505,null,0.0004632076074591547
874,fry,0.0004632076074591547
1608,persuade,0.0004632076074591547
2158,task,0.0004632076074591547
1595,peaceful,0.0004632076074591547
1528,omit,0.0004632076074591547
1513,observe,0.0004632076074591547
652,editorial,0.0004632076074591547
68,alienkind,0.0004632076074591547
2451,work,0.0004632076074591547
1559,pacify,0.0004632076074591547
64,algol,0.0004632076074591547
2454,worry,0.0004632076074591547
1848,ruse,0.0004632076074591547
1002,healthy,0.0004632076074591547
61,alaisa,0.0004632076074591547
2176,terraxia,0.0004632076074591547
56,agreement,0.0004632076074591547
1972,situation,0.0004632076074591547
1568,pan,0.0004632076074591547
52,agency,0.0004632076074591547
606,distant,0.0004632076074591547
49,agamotto,0.0004632076074591547
45,afraid,0.0004632076074591547
1635,plight,0.0004632076074591547
1574,paradise,0.0004632076074591547
1849,rush,0.0004632076074591547
1850,ruthless,0.0004632076074591547
1181,jam,0.0004632076074591547
70,alive,0.0004632076074591547
1558,pacifist,0.0004632076074591547
72,alleviate,0.0004632076074591547
2182,testament,0.0004632076074591547
2022,source,0.0004632076074591547
621,doppleganger,0.0004632076074591547
2020,soulmate,0.0004632076074591547
2184,thank,0.0004632076074591547
1527,omega,0.0004632076074591547
1660,precious,0.0004632076074591547
2017,sore,0.0004632076074591547
1537,oracle,0.0004632076074591547
1016,hellish,0.0004632076074591547
105,annihilate,0.0004632076074591547
1554,overmind,0.0004632076074591547
1472,necronos,0.0004632076074591547
1198,juggernaut,0.0004632076074591547
99,anew,0.0004632076074591547
603,display,0.0004632076074591547
1549,outmatch,0.0004632076074591547
931,golem,0.0004632076074591547
616,domain,0.0004632076074591547
20,absolute,0.0004632076074591547
85,although,0.0004632076074591547
2245,trance,0.0004632076074591547
1458,mystical,0.0004632076074591547
2381,voyager,0.0004632076074591547
1774,release,0.0004632076074591547
485,crew,0.0004632076074591547
1772,reject,0.0004632076074591547
1112,impress,0.0004632076074591547
748,experience,0.0004632076074591547
1768,refuse,0.0004632076074591547
2234,tour,0.0004632076074591547
698,enrage,0.0004632076074591547
1807,revive,0.0004632076074591547
755,extend,0.0004632076074591547
1140,instead,0.0004632076074591547
2090,strait,0.0004632076074591547
493,crusade,0.0004632076074591547
1101,imminent,0.0004632076074591547
1759,reconsider,0.0004632076074591547
1758,reconcile,0.0004632076074591547
1355,mate,0.0004632076074591547
1359,maxam,0.0004632076074591547
1142,insufficient,0.0004632076074591547
357,chock,0.0004632076074591547
766,failure,0.0004632076074591547
1752,receive,0.0004632076074591547
348,channel,0.0004632076074591547
1751,recall,0.0004632076074591547
2282,ultimatum,0.0004632076074591547
1775,relinquish,0.0004632076074591547
690,engage,0.0004632076074591547
1325,maintain,0.0004632076074591547
456,corruption,0.0004632076074591547
715,espirita,0.0004632076074591547
448,convince,0.0004632076074591547
444,contest,0.0004632076074591547
706,entrance,0.0004632076074591547
465,countless,0.0004632076074591547
718,establish,0.0004632076074591547
1300,loser,0.0004632076074591547
704,entirely,0.0004632076074591547
2258,trick,0.0004632076074591547
432,conscience,0.0004632076074591547
1305,lover,0.0004632076074591547
1124,infighting,0.0004632076074591547
2121,support,0.0004632076074591547
2104,subdue,0.0004632076074591547
1122,infect,0.0004632076074591547
416,complex,0.0004632076074591547
413,compel,0.0004632076074591547
739,exchange,0.0004632076074591547
2274,twin,0.0004632076074591547
411,company,0.0004632076074591547
410,companionship,0.0004632076074591547
740,execution,0.0004632076074591547
1143,insurrection,0.0004632076074591547
1144,intact,0.0004632076074591547
220,beg,0.0004632076074591547
1425,monastery,0.0004632076074591547
278,brawl,0.0004632076074591547
1435,morgana,0.0004632076074591547
1437,mostly,0.0004632076074591547
268,bond,0.0004632076074591547
2357,viciously,0.0004632076074591547
1937,share,0.0004632076074591547
257,blissfulness,0.0004632076074591547
256,blindside,0.0004632076074591547
662,eliminate,0.0004632076074591547
254,bless,0.0004632076074591547
559,demonstar,0.0004632076074591547
2366,virtuous,0.0004632076074591547
1797,retell,0.0004632076074591547
1706,quantum,0.0004632076074591547
1459,myth,0.0004632076074591547
851,formidable,0.0004632076074591547
561,depart,0.0004632076074591547
239,betweener,0.0004632076074591547
2047,spur,0.0004632076074591547
2046,sprout,0.0004632076074591547
865,frequent,0.0004632076074591547
223,behavior,0.0004632076074591547
1050,homeland,0.0004632076074591547
1426,monk,0.0004632076074591547
1235,korvac,0.0004632076074591547
504,cyttorak,0.0004632076074591547
675,emperor,0.0004632076074591547
777,fantasy,0.0004632076074591547
505,dagger,0.0004632076074591547
1379,mentor,0.0004632076074591547
2317,unsavory,0.0004632076074591547
1384,mercy,0.0004632076074591547
1091,identify,0.0004632076074591547
2320,unsuccessfully,0.0004632076074591547
685,endeavor,0.0004632076074591547
1252,lawyer,0.0004632076074591547
1146,intelligencia,0.0004632076074591547
1921,serious,0.0004632076074591547
2328,upper,0.0004632076074591547
2070,state,0.0004632076074591547
1085,hybrid,0.0004632076074591547
1245,lar,0.0004632076074591547
680,encompass,0.0004632076074591547
2335,usurp,0.0004632076074591547
1411,mint,0.0004632076074591547
2136,swear,0.0004632076074591547
816,finger,0.0004632076074591547
2340,valkyrie,0.0004632076074591547
290,brink,0.0004632076074591547
1075,humanness,0.0004632076074591547
799,female,0.0004632076074591547
